DISTRITO,COD_DIST,UGM,TOTAL,HOMBRES,MUJERES,INDICE_VULNERABILIDAD_INTEGRADO,EXPOSICION_NORMALIZACION_BASE_100,AMENAZA_LLUVIOSA_NORMALIZACION_BASE_100,SUMA_RIESGO_LLUVIOSO,RIESGO_LLUVIOSO_NORMALIZACION_BASE_100,CATEGORIA_RIESGO_LLUVIOSO
Cañas            ,50601,131,157,83,74,42.10466525794735,45.18950437317784,14.526,101.82016963112518,45.81468095819181,Alto-medio
Cañas            ,50601,554,76,40,36,7.186851847398118,21.574344023323615,15.931,44.69219587072173,13.207146099710723,Bajo-medio
Cañas            ,50601,567,138,70,68,34.66588027937217,39.650145772594755,14.257,88.57302605196693,38.25346939055689,Alto-medio
Cañas            ,50601,690,55,32,23,11.036724318317443,15.451895043731778,13.219,39.70761936204922,10.362046902897253,Bajo-medio
Cañas            ,50601,828,94,48,46,35.255487515856956,26.82215743440233,16.301,78.37864495025929,32.43471519267957,Alto-medio
Cañas            ,50601,879,122,60,62,25.079413734233018,34.98542274052478,15.097,75.16183647475779,30.598623562020773,Alto-medio
Cañas            ,50601,1187,61,30,31,8.877813979064651,17.20116618075802,13.518,39.59698015982267,10.298896200958348,Bajo-medio
Cañas            ,50601,1400,99,49,50,10.710924449516629,28.279883381924197,22.213,61.20380783144083,22.631652644209225,Medio
Cañas            ,50601,1591,47,23,24,23.569441988019726,13.119533527696792,17.448,54.13697551571652,18.598042384540996,Medio
Cañas            ,50601,1607,83,39,44,2.5200676632179406,23.61516034985423,14.329,40.46422801307217,10.793904385991802,Bajo-medio
Cañas            ,50601,1646,172,99,73,40.859090925635556,49.56268221574344,16.812,107.23377314137899,48.90466041223204,Alto-medio
Cañas            ,50601,2305,77,35,42,23.585803471063503,21.865889212827987,14.438,59.8896926838915,21.881581310303925,Medio
Cañas            ,50601,2664,170,76,94,21.78069113518309,48.97959183673469,17.969,88.72928297191777,38.34265779737042,Alto-medio
Cañas            ,50601,2936,60,27,33,14.25494155205864,16.909620991253643,14.803,45.96756254331228,13.93510055873384,Medio
Cañas            ,50601,2965,27,14,13,9.369874524851287,7.288629737609329,17.226,33.88450426246062,7.038326208879029,Bajo
Cañas            ,50601,3014,172,81,91,17.414721863176524,49.56268221574344,14.736,81.71340407891996,34.33813075907955,Alto-medio
Cañas            ,50601,3379,135,71,64,35.34569156895097,38.775510204081634,13.93,88.0512017730326,37.95562225463857,Alto-medio
Cañas            ,50601,3525,59,29,30,15.337645635293429,16.61807580174927,15.921,47.8767214370427,15.02481127451705,Medio
Cañas            ,50601,3638,40,16,24,8.391874205190279,11.078717201166182,11.989,31.459591406356463,5.654233175651227,Bajo
Cañas            ,50601,3950,128,63,65,9.453757919973732,36.734693877551024,13.878,60.066451797524756,21.98247196999236,Medio
Cañas            ,50601,4052,97,44,53,15.20937853572677,27.696793002915456,17.226,60.132171538642226,22.019983518334087,Medio
Cañas            ,50601,4380,151,75,76,33.37902726860682,43.440233236151606,14.362,91.18126050475843,39.74219882099642,Alto-medio
Cañas            ,50601,4482,10,6,4,22.161410180709897,2.3323615160349855,26.689,51.18277169674488,16.91184037761906,Medio
Cañas            ,50601,4523,30,12,18,5.9304090860661,8.16326530612245,17.544,31.63767439218855,5.75587947580842,Bajo
Cañas            ,50601,4624,173,83,90,33.9129471728104,49.85422740524781,13.636,97.40317457805821,43.29354620262223,Alto-medio
Cañas            ,50601,4933,66,30,36,14.244242944769029,18.658892128279884,16.698,49.601135073048916,16.00907299509441,Medio
Cañas            ,50601,5007,82,40,42,7.937255250928091,23.323615160349853,17.277,48.53787041127794,15.402182233172814,Medio
Cañas            ,50601,5008,109,55,54,26.7520757189895,31.195335276967928,17.322,75.26941099595743,30.660025003713997,Alto-medio
Cañas            ,50601,5063,88,47,41,12.712472711896622,25.072886297376094,14.771,52.55635900927272,17.69585726507715,Medio
Cañas            ,50601,5070,28,15,13,13.41781580741849,7.580174927113703,21.16,42.15799073453219,11.760671161470961,Bajo-medio
Cañas            ,50601,5130,29,14,15,7.29803934928198,7.871720116618077,15.421,30.590759465900057,5.15832082449008,Bajo
Cañas            ,50601,5279,199,95,104,44.67513580683303,57.434402332361515,15.061,117.17053813919455,54.57637235506636,Alto
Cañas            ,50601,5969,110,44,66,7.413073845186606,31.486880466472307,13.963,52.86295431165892,17.87085589275356,Medio
Cañas            ,50601,6420,19,11,8,15.234545660608617,4.956268221574344,17.052,37.24281388218296,8.95518393693256,Bajo-medio
Cañas            ,50601,6591,40,19,21,9.8576206516858,11.078717201166182,14.3,35.23633785285198,7.809926495394088,Bajo-medio
Cañas            ,50601,7040,38,17,21,13.0550382759086,10.495626822157435,13.656,37.20666509806603,8.93455091495408,Bajo-medio
Cañas            ,50601,7166,167,74,93,18.641629416242232,48.10495626822158,16.371,83.1175856844638,35.13961027316909,Alto-medio
Cañas            ,50601,7373,139,74,65,29.51386969855735,39.94169096209912,13.448,82.90356066065647,35.01744895770472,Alto-medio
Cañas            ,50601,7735,88,37,51,21.145946273547484,25.072886297376094,12.693,58.91183257092358,21.323437801590504,Medio
Cañas            ,50601,7830,104,53,51,37.74560991466699,29.737609329446062,14.879,82.36221924411306,34.70846181973426,Alto-medio
Cañas            ,50601,7882,93,54,39,29.78159017794771,26.53061224489796,17.613,73.92520242284567,29.892776928565368,Alto-medio
Cañas            ,50601,8231,107,55,52,17.28735785395247,30.612244897959183,17.075,64.97460275191166,24.783948948802816,Medio
Cañas            ,50601,8483,174,84,90,44.56410127491485,50.14577259475219,14.647,109.35687386966704,50.116484960676,Alto-medio
Cañas            ,50601,8978,58,26,32,14.314551631470465,16.3265306122449,13.849,44.490082243715364,13.091783577566584,Bajo-medio
Cañas            ,50601,8989,60,35,25,15.589464282261858,16.909620991253643,2.661,35.160085273515506,7.766403008123364,Bajo-medio
Cañas            ,50601,9039,21,9,12,18.11879474558074,5.539358600583091,17.113,40.77115334616383,10.969091388767556,Bajo-medio
Cañas            ,50601,9059,34,19,15,9.334721571570721,9.329446064139942,16.483,35.14716763571066,7.759029872034599,Bajo-medio
Cañas            ,50601,9493,107,56,51,29.197705622013853,30.612244897959183,17.989,77.79895051997303,32.1038369013874,Alto-medio
Cañas            ,50601,9935,15,5,10,21.53796184089945,3.7900874635568513,15.891,41.2190493044563,11.224741679013233,Bajo-medio
Cañas            ,50601,10990,134,66,68,30.778736137820257,38.48396501457726,17.548,86.81070115239751,37.2475686590573,Alto-medio
Cañas            ,50601,10991,46,25,21,2.3878550760370465,12.82798833819242,14.464,29.679843414229467,4.638387682233487,Bajo
Cañas            ,50601,11016,37,21,16,33.66558720751817,10.204081632653061,30.886,74.75566884017123,30.366790986289754,Alto-medio
Cañas            ,50601,11381,23,7,16,13.362289520502335,6.122448979591836,16.866,36.35073850009417,8.446004681952315,Bajo-medio
Cañas            ,50601,11386,173,90,83,28.785829232652826,49.85422740524781,14.325,92.96505663790064,40.76035491446834,Alto-medio
Cañas            ,50601,11733,30,13,17,9.61796381788626,8.16326530612245,15.215,32.99622912400871,6.531316058957196,Bajo
Cañas            ,50601,11878,79,36,43,23.238344062168633,22.448979591836736,13.877,59.56432365400537,21.695867004587804,Medio
Cañas            ,50601,11901,13,6,7,15.09772601412008,3.206997084548105,15.248,33.55272309866818,6.848951982005122,Bajo
Cañas            ,50601,11947,70,33,37,5.677039605107729,19.825072886297377,15.292,40.79411249140511,10.982196021743263,Bajo-medio
Cañas            ,50601,12169,48,27,21,6.660586845476033,13.411078717201166,16.472,36.5436655626772,8.556123692031418,Bajo-medio
Cañas            ,50601,12200,35,15,20,14.47830497747795,9.620991253644315,16.293,40.392296231122266,10.752847125722052,Bajo-medio
Cañas            ,50601,12315,6,3,3,16.15998342339916,1.1661807580174928,16.753,34.07916418141666,7.149434299628569,Bajo-medio
Cañas            ,50601,12322,90,44,46,2.37433901227963,25.65597667638484,14.276,42.30631568866447,11.845332156669834,Bajo-medio
Cañas            ,50601,12364,23,10,13,0.0,6.122448979591836,15.431,21.553448979591835,0.0,Bajo
Cañas            ,50601,12813,51,30,21,26.463759853447062,14.285714285714285,13.539,54.28847413916135,18.684514848376445,Medio
Cañas            ,50601,13069,36,21,15,6.054163491146484,9.912536443148689,14.859,30.825699934295173,5.292420268398092,Bajo
Cañas            ,50601,13199,125,67,58,43.354042347860386,35.8600583090379,15.54,94.75410065689829,41.78150639898426,Alto-medio
Cañas            ,50601,13221,143,69,74,28.693477090425763,41.10787172011662,14.519,84.32034881054238,35.82612404179301,Alto-medio
Cañas            ,50601,13263,83,34,49,6.708184075460089,23.61516034985423,21.211,51.534344425314316,17.11251124422811,Medio
Cañas            ,50601,13275,76,33,43,6.958413006409894,21.574344023323615,15.075,43.607757029733506,12.588169528657826,Bajo-medio
Cañas            ,50601,13304,62,39,23,10.554591661884942,17.49271137026239,12.928,40.97530303214734,11.085616053723715,Bajo-medio
Cañas            ,50601,13326,182,84,98,39.976747316739626,52.47813411078717,14.324,106.7788814275268,48.64501708095481,Alto-medio
Cañas            ,50601,13673,150,68,82,35.11633847488344,43.14868804664723,13.682,91.94702652153067,40.179283150121506,Alto-medio
Cañas            ,50601,13844,96,50,46,18.718720356150655,27.405247813411076,14.365,60.48896816956174,22.223636086669366,Medio
Cañas            ,50601,14092,77,33,44,13.376125523999761,21.865889212827987,12.85,48.09201473682775,15.1476964972099,Medio
Cañas            ,50601,14150,32,18,14,3.391745802416889,8.746355685131196,17.072,29.210101487548084,4.37026813868038,Bajo
Cañas            ,50601,14248,39,21,18,11.60911741078528,10.787172011661808,16.021,38.41728942244709,9.625551702472675,Bajo-medio
Cañas            ,50601,14279,62,37,25,16.983292284278942,17.49271137026239,13.908,48.38400365454133,15.31435808497367,Medio
Cañas            ,50601,14351,85,39,46,14.875769275551393,24.198250728862973,13.127,52.20102000441437,17.493036681310397,Medio
Cañas            ,50601,14395,266,142,124,97.32598732823195,76.96793002915452,13.49,187.78391735738649,94.88111402136829,Alto
Cañas            ,50601,14408,22,10,12,14.15681089937938,5.830903790087463,13.492,33.479714689466846,6.807280203867512,Bajo
Cañas            ,50601,14437,91,44,47,7.259863514267856,25.94752186588921,17.105,50.31238538015707,16.415040818833493,Medio
Cañas            ,50601,14645,264,137,127,90.85173467994562,76.38483965014578,13.232,180.4685743300914,90.70565868726709,Alto
Cañas            ,50601,14808,66,34,32,20.725770900502592,18.658892128279884,16.892,56.27666302878248,19.819334346709514,Medio
Cañas            ,50601,14823,128,60,68,35.0464932622856,36.734693877551024,19.843,91.62418713983662,39.995012718328674,Alto-medio
Cañas            ,50601,14843,41,18,23,18.201019760572336,11.370262390670554,15.699,45.27028215124289,13.5371064904356,Bajo-medio
Cañas            ,50601,15011,100,43,57,18.168147970022144,28.57142857142857,14.739,61.47857654145072,22.78848527277827,Medio
Cañas            ,50601,15204,29,16,13,14.692835379190278,7.871720116618077,14.296,36.860555495808356,8.736998294449718,Bajo-medio
Cañas            ,50601,15416,37,19,18,14.949363429061972,10.204081632653061,16.48,41.63344506171504,11.461270706923315,Bajo-medio
Cañas            ,50601,15626,69,26,43,8.44132906498655,19.533527696793,12.078,40.05285676177955,10.5591016871851,Bajo-medio
Cañas            ,50601,15741,103,50,53,19.467661581202318,29.44606413994169,13.835,62.748725721144005,23.513461688466,Medio
Cañas            ,50601,15870,20,12,8,26.214727303864784,5.247813411078718,17.367,48.829540714943505,15.568661962242963,Medio
Cañas            ,50601,16137,32,17,15,16.319968386964668,8.746355685131196,13.441,38.50732407209586,9.676941727072643,Bajo-medio
Cañas            ,50601,16261,101,51,50,18.488249355603973,28.86297376093295,15.303,62.654223116536926,23.45952144218899,Medio
Cañas            ,50601,16583,99,48,51,23.188979185100518,28.279883381924197,14.887,66.35586256702472,25.572345151315005,Medio
Cañas            ,50601,16977,58,29,29,12.273732118777911,16.3265306122449,13.623,42.22326273102281,11.79792714589948,Bajo-medio
Cañas            ,50601,17165,182,90,92,44.637238797043786,52.47813411078717,18.398,115.51337290783096,53.63049471420025,Alto
Cañas            ,50601,17406,125,63,62,25.378007497900118,35.8600583090379,21.769,83.00706580693802,35.07652767944554,Alto-medio
Cañas            ,50601,17762,53,29,24,21.204160000143066,14.868804664723031,17.01,53.0829646648661,17.99643351767542,Medio
Cañas            ,50601,17768,80,37,43,9.816104503226741,22.740524781341108,15.922,48.478629284567845,15.368368551764178,Medio
Cañas            ,50601,17876,36,14,22,11.596471870880977,9.912536443148689,14.95,36.45900831402966,8.507802983198385,Bajo-medio
Cañas            ,50601,17912,201,84,117,62.28233218570273,58.01749271137027,12.992,133.29182489707298,63.778088875343975,Alto
Cañas            ,50601,17983,42,20,22,14.683741149310256,11.661807580174926,14.859,41.20454872948518,11.21646503321757,Bajo-medio
Cañas            ,50601,18732,53,24,29,10.709432775706292,14.868804664723031,14.015,39.59323744042932,10.296759929617865,Bajo-medio
Cañas            ,50601,19152,201,111,90,11.173691383723458,58.01749271137027,19.953,89.14418409509372,38.57947527830408,Alto-medio
Cañas            ,50601,19180,60,32,28,16.877565245013113,16.909620991253643,29.905,63.69218623626676,24.051970576659556,Medio
Cañas            ,50601,19805,46,19,27,19.745547468909685,12.82798833819242,13.616,46.189535807102104,14.061798574788703,Medio
Cañas            ,50601,19971,47,24,23,3.092211385727623,13.119533527696792,16.267,32.478744913424414,6.235946149530502,Bajo
Cañas            ,50601,20360,134,64,70,8.746507455258312,38.48396501457726,16.419,63.64947246983557,24.02759039062875,Medio
Cañas            ,50601,20589,130,67,63,18.93115442479845,37.31778425655977,13.876,70.12493868135822,27.72366039483906,Medio
Cañas            ,50601,20729,63,32,31,30.305493842196014,17.784256559766764,6.118,54.20775040196278,18.638439311273576,Medio
Cañas            ,50601,20805,135,66,69,22.167647358367695,38.775510204081634,14.078,75.02115756244933,30.518326778588712,Alto-medio
Cañas            ,50601,21556,106,58,48,9.845714617820008,30.32069970845481,17.282,57.448414326274815,20.48814716752996,Medio
Cañas            ,50601,21895,345,156,189,58.692372813512485,100.0,20.001,178.6933728135125,89.69240823354984,Alto
Cañas            ,50601,21907,109,54,55,27.000823224747567,31.195335276967928,13.826,72.0221585017155,28.80655652005364,Medio
Cañas            ,50601,21940,23,11,12,11.65876929879333,6.122448979591836,16.621,34.40221827838516,7.333827286718495,Bajo-medio
Cañas            ,50601,22174,40,19,21,13.86359558041795,11.078717201166182,17.678,42.62031278158413,12.024555582233306,Bajo-medio
Cañas            ,50601,22206,30,15,15,16.62605767203195,8.16326530612245,9.178,33.9673229781544,7.085597518907383,Bajo-medio
Cañas            ,50601,22210,52,18,34,5.11858195773161,14.577259475218659,17.267,36.96284143295027,8.795381115357662,Bajo-medio
Cañas            ,50601,22397,95,45,50,6.472851059652422,27.113702623906704,16.357,49.943553683559124,16.204518869391165,Medio
Cañas            ,50601,22398,103,44,59,12.284190156165714,29.44606413994169,13.778,55.5082542961074,19.380741606813835,Medio
Cañas            ,50601,22423,34,17,17,15.533265259763574,9.329446064139942,14.795,39.65771132390352,10.33356036667982,Bajo-medio
Cañas            ,50601,22447,159,70,89,46.770360194819084,45.77259475218659,14.483,107.02595494700569,48.78604183413098,Alto-medio
Cañas            ,50601,22499,14,6,8,6.901225497611746,3.498542274052478,12.971,23.370767771664223,1.037290174337432,Bajo
Cañas            ,50601,22621,24,11,13,14.596153689029487,6.41399416909621,16.915,37.9251478581257,9.344646881986288,Bajo-medio
Cañas            ,50601,22747,54,24,30,2.3252932338695294,15.160349854227405,14.116,31.601643088096935,5.735313509140472,Bajo
Cañas            ,50601,23216,22,10,12,11.404065778892196,5.830903790087463,13.426,30.66096956897966,5.198395383990254,Bajo
Cañas            ,50601,23383,28,16,12,9.640119422526967,7.580174927113703,16.019,33.239294349640666,6.670052956066824,Bajo
Cañas            ,50601,23391,75,35,40,29.710143398406235,21.282798833819243,14.196,65.18894223222547,24.90628974991706,Medio
Cañas            ,50601,23529,70,35,35,5.624352732412563,19.825072886297377,16.248,41.69742561870994,11.497789562838392,Bajo-medio
Cañas            ,50601,23586,77,40,37,18.87022567612459,21.865889212827987,16.825,57.561114888952574,20.552474453869536,Medio
Cañas            ,50601,23850,159,84,75,56.19519971081527,45.77259475218659,14.36,116.32779446300187,54.09535067707951,Alto
Cañas            ,50601,24016,96,47,49,20.42979358069279,27.405247813411076,12.254,60.089041394103866,21.99536567178864,Medio
Cañas            ,50601,24160,146,68,78,24.29159427984173,41.98250728862974,15.401,81.67510156847146,34.31626843205469,Alto-medio
Cañas            ,50601,24574,123,50,73,31.849331192830455,35.27696793002916,13.276,80.40229912285962,33.58977758385285,Alto-medio
Cañas            ,50601,25009,50,24,26,9.183372653781854,13.994169096209912,17.062,40.23954174999177,10.665657842777378,Bajo-medio
Cañas            ,50601,25146,52,23,29,15.105978500018605,14.577259475218659,17.717,47.40023797523726,14.752843794006138,Medio
Cañas            ,50601,25157,38,20,18,6.574119171195485,10.495626822157435,15.362,32.43174599335292,6.20912008125492,Bajo
Cañas            ,50601,25259,55,32,23,10.0679231405514,15.451895043731778,13.05,38.56981818428318,9.712612149239973,Bajo-medio
Cañas            ,50601,25464,93,42,51,11.711772014136814,26.53061224489796,16.323,54.56538425903477,18.842569751991757,Medio
Cañas            ,50601,25477,46,20,26,11.16543735694709,12.82798833819242,16.624,40.6174256951395,10.88134663939991,Bajo-medio
Cañas            ,50601,25875,74,38,36,7.238922117621903,20.99125364431487,13.524,41.75417576193677,11.530181439386537,Bajo-medio
Cañas            ,50601,26056,88,40,48,8.96529204232347,25.072886297376094,21.227,55.26517833969956,19.241998584786312,Medio
Cañas            ,50601,26386,76,33,43,18.00496317205951,21.574344023323615,16.867,56.44630719538313,19.916163933194913,Medio
Cañas            ,50601,26476,30,12,18,19.406753938658536,8.16326530612245,17.541,45.11101924478099,13.446202325062965,Bajo-medio
Cañas            ,50601,27031,32,15,17,20.575463870504457,8.746355685131196,15.921,45.24281955563565,13.521431375695434,Bajo-medio
Cañas            ,50601,27538,75,40,35,11.790109924984117,21.282798833819243,15.984,49.05690875880336,15.698439213698775,Medio
Cañas            ,50601,27623,55,25,30,20.54831552922521,15.451895043731778,19.465,55.46521057295699,19.35617308791358,Medio
Cañas            ,50601,27749,78,39,39,11.4886806810523,22.157434402332363,14.884,48.530115083384665,15.39775564304589,Medio
Cañas            ,50601,27814,95,49,46,18.716888188987717,27.113702623906704,13.495,59.32559081289442,21.55960294818983,Medio
Cañas            ,50601,27980,158,75,83,20.433210682261265,45.481049562682216,15.07,80.98426024494347,33.9219496586794,Alto-medio
Cañas            ,50601,28032,20,10,10,19.7595415468262,5.247813411078718,11.876,36.88335495790491,8.750011783396237,Bajo-medio
Cañas            ,50601,28215,65,29,36,9.740472234057766,18.367346938775512,15.989,44.09681917283328,12.86731667548246,Bajo-medio
Cañas            ,50601,28342,76,33,43,19.15181852499131,21.574344023323615,15.866,56.592162548314924,19.99941532812389,Medio
Cañas            ,50601,28350,104,52,52,15.497351028011963,29.737609329446062,18.213,63.44796035745802,23.912571201320276,Medio
Cañas            ,50601,29154,34,14,20,5.3828494021662605,9.329446064139942,15.607,30.3192954663062,5.003374460267467,Bajo
Cañas            ,50601,29235,72,30,42,5.6777921226281824,20.408163265306122,15.938,42.02395538793431,11.684166395963446,Bajo-medio
Cañas            ,50601,29246,92,42,50,15.20429428038462,26.239067055393583,14.329,55.77236133577821,19.531488761588736,Medio
Cañas            ,50601,30021,270,134,136,88.54242895874904,78.134110787172,17.974,184.65053974592104,93.09264310309005,Alto
Cañas            ,50601,30095,62,27,35,7.728927405683114,17.49271137026239,16.208,41.429638775945506,11.344942048121597,Bajo-medio
Cañas            ,50601,30191,36,16,20,5.726535046269695,9.912536443148689,16.838,32.477071489418385,6.234990991697696,Bajo
Cañas            ,50601,30236,70,32,38,0.1008045100363681,19.825072886297377,16.419,36.34487739633374,8.44265927807052,Bajo-medio
Cañas            ,50601,30297,111,45,66,17.051268904816077,31.778425655976676,16.694,65.52369456079275,25.097359859781186,Medio
Cañas            ,50601,30353,107,49,58,29.533864426574656,30.612244897959183,18.149,78.29510932453384,32.387034684366924,Alto-medio
Cañas            ,50601,30443,85,43,42,11.580433081553576,24.198250728862973,15.494,51.27268381041655,16.96316046106968,Medio
Cañas            ,50601,30448,141,77,64,29.02139779333463,40.524781341107875,16.258,85.80417913444249,36.67306549316617,Alto-medio
Cañas            ,50601,30528,99,47,52,8.120296353817139,28.279883381924197,15.661,52.061179735741334,17.413218579332906,Medio
Cañas            ,50601,30617,13,4,9,14.040339589506967,3.206997084548105,14.915,32.16233667405507,6.055346488530489,Bajo
Cañas            ,50601,31239,59,26,33,2.6253684457662825,16.61807580174927,15.355,34.59844424751556,7.4458292484088195,Bajo-medio
Cañas            ,50601,31413,23,10,13,11.333502970716044,6.122448979591836,14.281,31.736951950307883,5.812545172558281,Bajo
Cañas            ,50601,31562,60,29,31,5.8511521684044885,16.909620991253643,16.375,39.13577315965813,10.035648227243858,Bajo-medio
Cañas            ,50601,31677,62,34,28,5.902629571115331,17.49271137026239,15.6,38.99534094137772,9.95549225195866,Bajo-medio
Cañas            ,50601,31754,25,12,13,17.447996477459764,6.705539358600583,19.409,43.56253583606035,12.562358151989294,Bajo-medio
Cañas            ,50601,31801,29,11,18,3.03850333147717,7.871720116618077,17.007,27.91722344809525,3.632318532485119,Bajo
Cañas            ,50601,31916,137,68,69,44.09541798758905,39.35860058309038,14.286,97.74001857067944,43.485810193593316,Alto-medio
Cañas            ,50601,32049,112,52,60,35.673211276983565,32.06997084548105,17.386,85.12918212246461,36.28779034425664,Alto-medio
Cañas            ,50601,32127,58,38,20,12.96757538740052,16.3265306122449,30.737,60.03110599964542,21.962297276920186,Medio
Cañas            ,50601,32200,121,52,69,21.071630388867188,34.69387755102041,16.783,72.5485079398876,29.106986528737664,Alto-medio
Cañas            ,50601,32266,198,94,104,48.60208355128244,57.14285714285714,13.654,119.39894069413958,55.848301135419185,Alto
Cañas            ,50601,32516,132,58,74,44.770119255883486,37.90087463556851,13.707,96.37799389145201,42.70839303204149,Alto-medio
Cañas            ,50601,32550,59,31,28,23.205941091291084,16.61807580174927,17.243,57.067016893040346,20.270452940332493,Medio
Cañas            ,50601,32920,106,53,53,36.356533332739865,30.32069970845481,18.701,85.37823304119468,36.42994375841565,Alto-medio
Cañas            ,50601,33323,15,6,9,8.43324668085261,3.7900874635568513,15.783,28.00633414440946,3.6831811825156566,Bajo
Cañas            ,50601,33357,26,11,15,6.323739520183924,6.997084548104956,15.362,28.68282406828888,4.069308456464215,Bajo
Cañas            ,50601,33512,97,42,55,15.09505619127404,27.696793002915456,16.373,59.1648491941895,21.467854762666715,Medio
Cañas            ,50601,33657,147,70,77,35.5348620594402,42.27405247813411,13.997,91.80591453757431,40.09873917782687,Alto-medio
Cañas            ,50601,33730,32,15,17,3.9846943002098407,8.746355685131196,14.605,27.336049985341035,3.300596038264305,Bajo
Cañas            ,50601,33818,56,26,30,10.362085489278764,15.743440233236154,15.816,41.92152572251492,11.625701537753821,Bajo-medio
Cañas            ,50601,33830,95,51,44,24.70301118886353,27.113702623906704,15.524,67.34071381277023,26.134479062465978,Medio
Cañas            ,50601,33852,107,41,66,22.782927403133083,30.612244897959183,18.209,71.60417230109226,28.567978136994782,Medio
Cañas            ,50601,34152,88,40,48,12.823084378086206,25.072886297376094,15.162,53.0579706754623,17.982167435280218,Medio
Cañas            ,50601,34173,93,50,43,12.132707972915542,26.53061224489796,15.868,54.5313202178135,18.823126660657874,Medio
Cañas            ,50601,34282,104,49,55,22.277685066274632,29.737609329446062,13.233,65.24829439572069,24.940166808960214,Medio
Cañas            ,50601,34705,43,18,25,11.079447190266853,11.9533527696793,16.67,39.702799959946155,10.359296082034398,Bajo-medio
Cañas            ,50601,35089,122,59,63,11.809491747350156,34.98542274052478,13.989,60.78391448787494,22.391985701100193,Medio
Cañas            ,50601,35276,163,82,81,50.563246947815735,46.93877551020408,2.195,99.6970224580198,44.60282989995063,Alto-medio
Cañas            ,50601,35349,18,6,12,18.500092216495883,4.664723032069971,17.444,40.608815248565854,10.876431964183615,Bajo-medio
Cañas            ,50601,35375,55,25,30,14.1898966173581,15.451895043731778,13.241,42.882791661089875,12.174373414894314,Bajo-medio
Cañas            ,50601,35477,30,12,18,4.20465053595592,8.16326530612245,16.548,28.915915842078366,4.202352701494553,Bajo
Cañas            ,50601,35559,82,41,41,13.994066387246013,23.323615160349853,14.859,52.17668154759587,17.479144764148426,Medio
Cañas            ,50601,35638,27,13,14,12.822490360351754,7.288629737609329,16.163,36.27412009796109,8.402272390153668,Bajo-medio
Cañas            ,50601,35681,22,11,11,9.677777375544434,5.830903790087463,15.586,31.094681165631897,5.445949516851301,Bajo
Cañas            ,50601,35741,46,26,20,5.898639563742228,12.82798833819242,17.849,36.57562790193465,8.57436717281488,Bajo-medio
Cañas            ,50601,36093,71,37,34,21.222962214644305,20.11661807580175,18.755,60.094580290446046,21.998527165951074,Medio
Cañas            ,50601,36113,124,53,71,30.107944948852573,35.56851311953353,16.329,82.0054580683861,34.5048294885324,Alto-medio
Cañas            ,50601,36455,105,53,52,4.375898628937523,30.029154518950435,15.808,50.213053147887955,16.35834391514371,Medio
Cañas            ,50601,36466,48,22,26,8.68957635742835,13.411078717201166,15.327,37.42765507462951,9.06068768980961,Bajo-medio
Cañas            ,50601,36793,75,35,40,8.147544569186513,21.282798833819243,14.171,43.60134340300576,12.584508755426633,Bajo-medio
Cañas            ,50601,37313,148,67,81,18.116339407102256,42.565597667638485,17.197,77.87893707474075,32.14949166911532,Alto-medio
Cañas            ,50601,37443,80,40,40,12.854836776886986,22.740524781341108,16.367,51.962361558228096,17.3568150880866,Medio
Cañas            ,50601,37563,212,98,114,47.40111258125879,61.224489795918366,13.538,122.16360237717716,57.42631618247199,Alto
Cañas            ,50601,37704,19,12,7,25.93438476147411,4.956268221574344,9.858,40.74865298304846,10.956248619694563,Bajo-medio
Cañas            ,50601,37802,54,24,30,18.44425210102323,15.160349854227405,16.842,50.446601955250635,16.491649026036928,Medio
Cañas            ,50601,37852,24,11,13,14.917078885381956,6.41399416909621,13.52,34.851073054478164,7.590024851491793,Bajo-medio
Cañas            ,50601,37858,94,47,47,12.649298104542039,26.82215743440233,23.853,63.32445553894437,23.842077056161823,Medio
Cañas            ,50601,37957,116,52,64,17.74330866078341,33.23615160349854,15.73,66.70946026428196,25.77417183061491,Medio
Cañas            ,50601,37977,285,149,136,51.99860419917124,82.5072886297376,12.24,146.74589282890884,71.45740883364756,Alto
Cañas            ,50601,38020,36,19,17,12.863154302676778,9.912536443148689,13.832,36.607690745825465,8.59266801968574,Bajo-medio
Cañas            ,50601,38267,129,70,59,39.6258634434843,37.02623906705539,4.152,80.80410251053969,33.8191191324431,Alto-medio
Cañas            ,50601,38356,54,20,34,15.109524006175675,15.160349854227405,15.819,46.08887386040308,14.004342695998446,Medio
Cañas            ,50601,38418,35,15,20,7.780444796797013,9.620991253644315,15.901,33.30243605044133,6.7060930092029025,Bajo
Cañas            ,50601,70719,262,132,130,65.23136269752169,75.80174927113703,15.438,156.4711119686587,77.00837452054122,Alto
Cañas            ,50601,70720,24,13,11,20.668085526886106,6.41399416909621,15.649,42.73107969598232,12.087779179792593,Bajo-medio
Cañas            ,50601,70721,212,93,119,30.612448970555096,61.224489795918366,15.165,107.00193876647347,48.772333865996906,Alto-medio
Cañas            ,50601,70722,194,86,108,40.53511611141102,55.97667638483965,14.272,110.78379249625068,50.930942323572914,Alto-medio
Cañas            ,50601,70723,150,69,81,28.498531392378602,43.14868804664723,15.886,87.53321943902583,37.659968026063254,Alto-medio
Cañas            ,50601,70724,82,35,47,1.190135895744969,23.323615160349853,16.279,40.79275105609482,10.981418940982026,Bajo-medio
Cañas            ,50601,70725,215,101,114,38.307151060874844,62.09912536443149,15.002,115.40827642530633,53.570507688723055,Alto
Cañas            ,50601,70726,79,36,43,15.385517561095687,22.448979591836736,17.506,55.34049715293242,19.284989096550134,Medio
Cañas            ,50601,70727,140,73,67,28.340579999373176,40.2332361516035,14.218,82.79181615097669,34.95366736779731,Alto-medio
Cañas            ,50601,70728,125,70,55,38.80584517224192,35.8600583090379,25.217,99.88290348127983,44.70892716800536,Alto-medio
Cañas            ,50601,70729,152,80,72,36.397769158201875,43.731778425655975,19.712,99.84154758385786,44.68532202716059,Alto-medio
Cañas            ,50601,70730,94,50,44,31.399130728167172,26.82215743440233,31.781,90.0022881625695,39.06926436849258,Alto-medio
Cañas            ,50601,70731,140,72,68,32.98161056434959,40.2332361516035,11.806,85.02084671595308,36.22595460404558,Alto-medio
Cañas            ,50601,70732,27,14,13,17.566947790346042,7.288629737609329,0.0,24.855577527955372,1.8847906666450123,Bajo
Cañas            ,50601,70733,262,130,132,46.54966728738886,75.80174927113703,10.028,132.3794165585259,63.25730396480047,Alto
Cañas            ,50601,70734,136,62,74,20.908850775687252,39.067055393586,17.113,77.08890616927326,31.698557414080287,Alto-medio
Palmira           ,50602,1661,19,12,7,25.781822246095505,4.956268221574344,52.353,83.09109046766986,35.124487319415906,Alto-medio
Palmira           ,50602,6973,16,8,8,26.200307975671038,4.081632653061225,21.443,51.72494062873226,17.221299845289128,Medio
Palmira           ,50602,14362,22,11,11,24.05068785539764,5.830903790087463,29.057,58.938591645485104,21.33871136021881,Medio
Palmira           ,50602,16321,9,3,6,23.62103704074416,2.0408163265306123,55.662,81.32385336727478,34.11578279934986,Alto-medio
Palmira           ,50602,19225,16,7,9,27.02818520523852,4.081632653061225,86.349,117.45881785829974,54.740916804500884,Alto
Palmira           ,50602,21810,29,11,18,26.276755348189738,7.871720116618077,14.878,49.02647546480782,15.681068482172744,Medio
Palmira           ,50602,24070,20,9,11,24.908516374623286,5.247813411078718,36.243,66.39932978570201,25.597155393214454,Medio
Palmira           ,50602,25461,66,38,28,48.05551217493082,18.658892128279884,93.674,160.3884043032107,79.24428869606376,Alto
Palmira           ,50602,28425,13,6,7,22.40994105385576,3.206997084548105,74.693,100.30993813840387,44.95267023381672,Alto-medio
Palmira           ,50602,28752,20,9,11,22.82896050361277,5.247813411078718,35.719,63.79577391469149,24.111096406140398,Medio
Palmira           ,50602,29744,36,19,17,27.75856592681447,9.912536443148689,80.426,118.09710236996315,55.10523717320473,Alto
Palmira           ,50602,30908,2,1,1,21.493063801060185,0.0,36.032,57.525063801060185,20.531897194993395,Medio
Palmira           ,50602,31419,34,19,15,14.70352765149872,9.329446064139942,28.454,52.48697371563866,17.656253490745378,Medio
Palmira           ,50602,31960,27,14,13,19.083929334803752,7.288629737609329,85.802,112.17455907241309,51.72476480014845,Alto
Palmira           ,50602,33220,28,15,13,13.487115982013878,7.580174927113703,81.403,102.47029090912758,46.1857575226016,Alto-medio
Palmira           ,50602,34452,8,4,4,23.534961718460384,1.749271137026239,33.975,59.25923285548662,21.521727118418813,Medio
Palmira           ,50602,34710,81,44,37,22.96274967002347,23.03206997084548,76.695,122.68981964086895,57.72667074853675,Alto
Palmira           ,50602,36164,4,2,2,21.604244425355603,0.5830903790087464,54.995,77.18233480436434,31.751884659473056,Alto-medio
Palmira           ,50602,37656,13,10,3,29.29905473115183,3.206997084548105,75.539,108.04505181569994,49.36772247992957,Alto-medio
Palmira           ,50602,72103,167,77,90,49.597202098659324,48.10495626822158,28.162,125.8641583668809,59.53852147328281,Alto
Palmira           ,50602,72104,147,74,73,33.4741790067251,42.27405247813411,28.474,104.22223148485922,47.18573108428868,Alto-medio
Palmira           ,50602,72105,38,21,17,27.503299823657795,10.495626822157435,32.283,70.28192664581523,27.813266067619676,Medio
Palmira           ,50602,72106,23,13,10,26.263604951474466,6.122448979591836,79.775,112.1610539310663,51.71705632847955,Alto
Palmira           ,50602,72107,58,24,34,19.32604162244845,16.3265306122449,100.0,135.65257223469337,65.12555748024097,Alto
Palmira           ,50602,72108,92,52,40,41.501021787386826,26.239067055393583,80.53,148.2700888427804,72.32739023473698,Alto
San Miguel        ,50603,46044,309,142,167,80.59676533268973,89.50437317784257,26.651,196.7521385105323,100.0,Alto
San Miguel        ,50603,46101,19,9,10,26.27436646047045,4.956268221574344,27.163,58.39363468204479,21.02766053849216,Medio
San Miguel        ,50603,46120,102,51,51,44.551728378097714,29.154518950437318,25.31,99.01624732853503,44.21425671409666,Alto-medio
San Miguel        ,50603,46139,35,16,19,24.844367646117014,9.620991253644315,25.872,60.33735889976133,22.137100468048978,Medio
San Miguel        ,50603,46196,79,47,32,23.71431833446742,22.448979591836736,23.328,69.49129792630416,27.36199059197095,Medio
San Miguel        ,50603,46215,51,25,26,21.080173466676317,14.285714285714285,23.067,58.432887752390606,21.050065426594294,Medio
San Miguel        ,50603,46234,214,111,103,52.57781070088906,61.80758017492711,22.118,136.50339087581617,65.61118819095044,Alto
San Miguel        ,50603,46307,7,4,3,26.47049094145515,1.4577259475218658,18.592,46.52021688897702,14.25054489632812,Medio
San Miguel        ,50603,46324,28,13,15,31.526690316263707,7.580174927113703,18.758,57.86486524337741,20.7258492406548,Medio
San Miguel        ,50603,46341,27,15,12,21.962573568028564,7.288629737609329,21.611,50.86220330563789,16.728866183025914,Medio
San Miguel        ,50603,46385,11,9,2,24.212145202880727,2.623906705539359,24.181,51.017051908420086,16.81725074982648,Medio
San Miguel        ,50603,46430,43,23,20,26.144455922049303,11.9533527696793,28.18,66.27780869172861,25.527793519390656,Medio
San Miguel        ,50603,46440,48,27,21,34.31655490822894,13.411078717201166,30.597,78.3246336254301,32.403886580334465,Alto-medio
San Miguel        ,50603,46450,132,69,63,64.5928505182662,37.90087463556851,27.594,130.08772515383473,61.9492511415592,Alto
San Miguel        ,50603,46460,111,60,51,37.83039340208925,31.778425655976676,32.361,101.96981905806592,45.900097936675714,Alto-medio
San Miguel        ,50603,46469,34,18,16,29.39497369026794,9.329446064139942,29.475,68.19941975440788,26.624611690704615,Medio
San Miguel        ,50603,46478,53,29,24,40.98365374277892,14.868804664723031,29.756,85.60845840750196,36.56135191387826,Alto-medio
San Miguel        ,50603,46494,98,50,48,48.559589391389814,27.988338192419825,37.763,114.31092758380964,52.94416234080144,Alto
San Miguel        ,50603,46502,11,5,6,27.25054854746577,2.623906705539359,43.47,73.34445525300512,29.561297754037646,Alto-medio
San Miguel        ,50603,72637,89,51,38,37.79155313791919,25.364431486880466,23.509,86.66498462479966,37.16439650292532,Alto-medio
San Miguel        ,50603,72638,95,52,43,51.14095728575894,27.113702623906704,30.294,108.54865990966563,49.65517217222693,Alto-medio
San Miguel        ,50603,72639,48,27,21,31.012565339870875,13.411078717201166,30.669,75.09264405707204,30.55912987752404,Alto-medio
Bebedero          ,50604,441,22,9,13,18.243312981205356,5.830903790087463,9.157,33.23121677129282,6.665442431656242,Bajo
Bebedero          ,50604,8160,51,33,18,18.54827433483858,14.285714285714285,9.387,42.220988620552866,11.796629127931405,Bajo-medio
Bebedero          ,50604,10157,55,36,19,33.02742147935791,15.451895043731778,9.131,57.61031652308969,20.580557788436053,Medio
Bebedero          ,50604,13742,26,11,15,17.370544696858502,6.997084548104956,9.324,33.69162924496346,6.928236905121368,Bajo
Bebedero          ,50604,14040,91,50,41,31.693713965475506,25.94752186588921,9.485,67.12623583136471,26.01205920762588,Medio
Bebedero          ,50604,16575,161,86,75,55.26911964412381,46.35568513119534,9.45,111.07480477531915,51.097046465018025,Alto
Bebedero          ,50604,18816,90,43,47,44.264281648474956,25.65597667638484,9.01,78.93025832485979,32.74956536426324,Alto-medio
Bebedero          ,50604,20212,138,70,68,56.792110526387496,39.650145772594755,9.684,106.12625629898224,48.27251136741789,Alto-medio
Bebedero          ,50604,20564,18,11,7,21.750950247107426,4.664723032069971,9.264,35.67967327917739,8.062973722809062,Bajo-medio
Bebedero          ,50604,20735,69,38,31,18.886051372540656,19.533527696793,9.459,47.878579069333654,15.025871574851449,Medio
Bebedero          ,50604,25749,18,8,10,21.243998214188842,4.664723032069971,8.948,34.856721246258815,7.593248729361983,Bajo-medio
Bebedero          ,50604,28087,258,133,125,100.0,74.63556851311954,9.057,183.69256851311954,92.54585177984087,Alto
Bebedero          ,50604,29527,13,7,6,17.400431961285122,3.206997084548105,9.702,30.309429045833227,4.997742899609457,Bajo
Bebedero          ,50604,30010,15,7,8,22.80597068768072,3.7900874635568513,9.044,35.64005815123757,8.040362179283315,Bajo-medio
Bebedero          ,50604,30305,63,34,29,29.31645549467258,17.784256559766764,9.241,56.34171205443934,19.85646306372847,Medio
Bebedero          ,50604,31309,51,24,27,20.380128217083453,14.285714285714285,8.74,43.40584250279774,12.472920648956526,Bajo-medio
Bebedero          ,50604,31407,208,114,94,63.97005870535183,60.05830903790087,9.524,133.5523677432527,63.926801657886614,Alto
Bebedero          ,50604,36903,93,50,43,31.699198198779165,26.53061224489796,9.316,67.54581044367713,26.251544225142702,Medio
Bebedero          ,50604,38504,134,67,67,52.66662107435559,38.48396501457726,9.058,100.20858608893283,44.89482045780391,Alto-medio
Bebedero          ,50604,70113,90,52,38,19.04939237010394,25.65597667638484,15.727,60.43236904648879,22.191330409483946,Medio
Bebedero          ,50604,70114,205,112,93,55.827356635675265,59.183673469387756,9.485,124.49603010506301,58.757620505655275,Alto
Bebedero          ,50604,70115,30,20,10,22.490919889939942,8.16326530612245,10.86,41.51418519606239,11.393199498187714,Bajo-medio
Bebedero          ,50604,70116,185,98,87,42.817531377548086,53.352769679300295,8.816,104.98630105684839,47.62184711576975,Alto-medio
Porozal           ,50605,1709,84,41,43,36.5075977470153,23.9067055393586,17.622,78.03630328637391,32.239313238017736,Alto-medio
Porozal           ,50605,18176,85,42,43,24.476258125029016,24.198250728862973,18.005,66.67950885389199,25.757076148866286,Medio
Porozal           ,50605,18856,79,42,37,33.4686856786754,22.448979591836736,17.25,73.16766527051213,29.460389475005243,Alto-medio
Porozal           ,50605,21436,49,27,22,24.54226834198367,13.702623906705538,17.883,56.12789224868921,19.734418882734538,Medio
Porozal           ,50605,28193,31,13,18,18.71315930761928,8.454810495626822,18.976,46.1439698032461,14.035790387182963,Medio
Porozal           ,50605,70117,54,26,28,32.60482005315066,15.160349854227405,19.695,67.46016990737806,26.20266227486765,Medio
Porozal           ,50605,70118,152,83,69,62.624765310299104,43.731778425655975,17.467,123.82354373595508,58.37377838280129,Alto
Porozal           ,50605,70119,135,77,58,30.719726590925507,38.775510204081634,18.66,88.15523679500714,38.01500341910565,Alto-medio
